<?xml version="1.0" encoding="UTF-8" standalone="yes"?>
<TargetEndpoint name="default">
  <FaultRules>
    <FaultRule name="404">
      <Step>
        <Name>RF-404NotFound</Name>
      </Step>
      <Condition>response.status.code == 404</Condition>
    </FaultRule>
  </FaultRules>
  <PreFlow name="PreFlow">
    <Request>
      <Step>
        <Name>AM-GetSecret</Name>
      </Step>
      <Step>
        <Name>OA-VerifyToken</Name>
      </Step>
    </Request>
    <Response/>
  </PreFlow>
  <Flows/>
  <PostFlow name="PostFlow">
    <Request/>
    <Response/>
  </PostFlow>
  <HTTPTargetConnection>
    <URL>https://simplebank-rest-zce6j3rjwq-uw.a.run.app</URL>
    <Authentication>
      <GoogleIDToken>
        <Audience>https://simplebank-rest-zce6j3rjwq-uw.a.run.app</Audience>
      </GoogleIDToken>
    </Authentication>
  </HTTPTargetConnection>
</TargetEndpoint>
